Subject,Speed,Stride_No,Phase,hip_angle,knee_angle
Sub02,1.145579000000000,0,0,31.74035400000000,6.645255000000000
Sub02,1.145579000000000,0,1,31.7948500000000,8.26623300000000
Sub02,1.145579000000000,0,2,31.835750999999998,9.915699000000000
Sub02,1.145579000000000,0,3,31.8528380000000,11.60426100000000
Sub02,1.145579000000000,0,4,31.84137800000000,13.30669800000000
Sub02,1.145579000000000,0,5,31.77045300000000,14.962014000000000
Sub02,1.145579000000000,0,6,31.6225540000000,16.486553000000001
Sub02,1.145579000000000,0,7,31.37509300000000,17.79403700000000
Sub02,1.145579000000000,0,8,31.012723999999999,18.815256000000002
Sub02,1.145579000000000,0,9,30.531186999999999,19.51181900000000
Sub02,1.145579000000000,0,10,29.939198999999999,19.881730999999998
Sub02,1.145579000000000,0,11,29.257449000000001,19.945390000000000
Sub02,1.145579000000000,0,12,28.514759000000002,19.77447000000000
Sub02,1.145579000000000,0,13,27.742819999999998,19.42032200000000
Sub02,1.145579000000000,0,14,26.970586000000001,18.950527000000001
Sub02,1.145579000000000,0,15,26.218934999999998,18.42028500000000
Sub02,1.145579000000000,0,16,25.497678000000001,17.870515000000001
Sub02,1.145579000000000,0,17,24.805119999999999,17.327024000000002
Sub02,1.145579000000000,0,18,24.130078999999999,16.802523999999998
Sub02,1.145579000000000,0,19,23.455659000000001,16.300328000000000
Sub02,1.145579000000000,0,20,22.76371400000000,15.818331000000001
Sub02,1.145579000000000,0,21,22.03883600000000,15.352209999999999
Sub02,1.145579000000000,0,22,21.27100700000000,14.897321000000000
Sub02,1.145579000000000,0,23,20.45650100000000,14.449346999999999
Sub02,1.145579000000000,0,24,19.59719700000000,14.004125999999999
Sub02,1.145579000000000,0,25,18.69910500000000,13.557202999999999
Sub02,1.145579000000000,0,26,17.77041100000000,13.103740999999999
Sub02,1.145579000000000,0,27,16.819870999999999,12.638935999999999
Sub02,1.145579000000000,0,28,15.855967000000000,12.158930000000000
Sub02,1.145579000000000,0,29,14.886799000000000,11.66193600000000
Sub02,1.145579000000000,0,30,13.920384000000000,11.149157000000001
Sub02,1.145579000000000,0,31,12.964861000000001,10.625162000000000
Sub02,1.145579000000000,0,32,12.02826600000000,10.097559000000000
Sub02,1.145579000000000,0,33,11.117780000000000,9.576047000000001
Sub02,1.145579000000000,0,34,10.238661000000000,9.07108100000000
Sub02,1.145579000000000,0,35,9.393305000000000,8.592540000000000
Sub02,1.145579000000000,0,36,8.580785000000001,8.148940000000000
Sub02,1.145579000000000,0,37,7.796918000000000,7.74693600000000
Sub02,1.145579000000000,0,38,7.035058000000000,7.391484000000000
Sub02,1.145579000000000,0,39,6.2873720000000004,7.086478000000000
Sub02,1.145579000000000,0,40,5.546270000000000,6.8356409999999999
Sub02,1.145579000000000,0,41,4.805652000000000,6.643361000000000
Sub02,1.145579000000000,0,42,4.061736000000000,6.515092000000000
Sub02,1.145579000000000,0,43,3.3133990000000000,6.461075000000000
Sub02,1.145579000000000,0,44,2.562078000000000,6.487729000000000
Sub02,1.145579000000000,0,45,1.8114070000000000,6.602669000000000
Sub02,1.145579000000000,0,46,1.066761000000000,6.819557000000000
Sub02,1.145579000000000,0,47,0.335075000000000,7.147986000000000
Sub02,1.145579000000000,0,48,-0.3751970000000000,7.597937000000000
Sub02,1.145579000000000,0,49,-1.0538479999999999,8.17951300000000
Sub02,1.145579000000000,0,50,-1.6885049999999999,8.90324600000000
Sub02,1.145579000000000,0,51,-2.2642159999999998,9.780433000000000
Sub02,1.145579000000000,0,52,-2.763255000000000,10.823214000000000
Sub02,1.145579000000000,0,53,-3.1653440000000002,12.044133000000000
Sub02,1.145579000000000,0,54,-3.4484430000000001,13.455154000000000
Sub02,1.145579000000000,0,55,-3.5885199999999999,15.066274999999999
Sub02,1.145579000000000,0,56,-3.56478900000000,16.884084000000001
Sub02,1.145579000000000,0,57,-3.3585919999999998,18.91077000000000
Sub02,1.145579000000000,0,58,-2.954619000000000,21.14277700000000
Sub02,1.145579000000000,0,59,-2.3445700000000000,23.570557999999998
Sub02,1.145579000000000,0,60,-1.5262249999999999,26.178388999999999
Sub02,1.145579000000000,0,61,-0.5039560000000000,28.943853000000001
Sub02,1.145579000000000,0,62,0.7115580000000000,31.836801000000001
Sub02,1.145579000000000,0,63,2.103997000000000,34.81785600000000
Sub02,1.145579000000000,0,64,3.6522549999999998,37.837038999999997
Sub02,1.145579000000000,0,65,5.3313560000000,40.83336200000000
Sub02,1.145579000000000,0,66,7.113365000000000,43.73627800000000
Sub02,1.145579000000000,0,67,8.968323000000000,46.46941700000000
Sub02,1.145579000000000,0,68,10.865428000000000,48.95716600000000
Sub02,1.145579000000000,0,69,12.773552000000000,51.12978000000000
Sub02,1.145579000000000,0,70,14.662443000000000,52.92932000000000
Sub02,1.145579000000000,0,71,16.503848999999999,54.31388200000000
Sub02,1.145579000000000,0,72,18.272455999999998,55.259829000000003
Sub02,1.145579000000000,0,73,19.94666500000000,55.748021999999999
Sub02,1.145579000000000,0,74,21.509134000000000,55.75981900000000
Sub02,1.145579000000000,0,75,22.947033000000001,55.37480600000000
Sub02,1.145579000000000,0,76,24.25195300000000,54.53333600000000
Sub02,1.145579000000000,0,77,25.419459000000000,53.27175200000000
Sub02,1.145579000000000,0,78,26.44830700000000,51.600909000000001
Sub02,1.145579000000000,0,79,27.33968900000000,49.535122999999999
Sub02,1.145579000000000,0,80,28.09597600000000,47.09564700000000
Sub02,1.145579000000000,0,81,28.720068000000001,44.31304800000000
Sub02,1.145579000000000,0,82,29.21540300000000,41.2293120000000
Sub02,1.145579000000000,0,83,29.586566999999999,37.89894400000000
Sub02,1.145579000000000,0,84,29.840503999999999,34.38794900000000
Sub02,1.145579000000000,0,85,29.988168000000002,30.770696000000001
Sub02,1.145579000000000,0,86,30.04018100000000,27.125226000000001
Sub02,1.145579000000000,0,87,30.022794999999999,23.528015000000000
Sub02,1.145579000000000,0,88,29.957695999999999,20.04943800000000
Sub02,1.145579000000000,0,89,29.86656400000000,16.751033000000000
Sub02,1.145579000000000,0,90,29.77126800000000,13.684716000000000
Sub02,1.145579000000000,0,91,29.68760100000000,10.895580000000001
Sub02,1.145579000000000,0,92,29.62411200000000,8.425976000000000
Sub02,1.145579000000000,0,93,29.582032000000002,6.319083000000000
Sub02,1.145579000000000,0,94,29.55690100000000,4.620263000000000
Sub02,1.145579000000000,0,95,29.541201000000001,3.372749000000000
Sub02,1.145579000000000,0,96,29.527374999999999,2.6034519999999999
Sub02,1.145579000000000,0,97,29.50988600000000,2.3510970000000002
Sub02,1.145579000000000,0,98,29.486087000000001,2.4964189999999999
Sub02,1.145579000000000,0,99,29.45621900000000,2.9558689999999999
Sub02,1.145579000000000,0,100,29.422407000000000,3.5486100000000000
Sub06,0.911596000000000,2,0,28.830207999999999,16.53738400000000
Sub06,0.911596000000000,2,1,28.44974200000000,16.332042999999999
Sub06,0.911596000000000,2,2,28.046506000000001,16.115022000000000
Sub06,0.911596000000000,2,3,27.608646000000000,15.894532999999999
Sub06,0.911596000000000,2,4,27.13132800000000,15.716815000000000
Sub06,0.911596000000000,2,5,26.61732500000000,15.667056000000001
Sub06,0.911596000000000,2,6,26.075510999999999,15.805159000000000
Sub06,0.911596000000000,2,7,25.517990000000001,16.182998000000001
Sub06,0.911596000000000,2,8,24.95597700000000,16.772382000000000
Sub06,0.911596000000000,2,9,24.39524900000000,17.48556800000000
Sub06,0.911596000000000,2,10,23.834460000000000,18.188497000000002
Sub06,0.911596000000000,2,11,23.267254000000001,18.73842900000000
Sub06,0.911596000000000,2,12,22.686467000000000,19.003575999999999
Sub06,0.911596000000000,2,13,22.088577999999998,18.95762800000000
Sub06,0.911596000000000,2,14,21.47650900000000,18.562961999999999
Sub06,0.911596000000000,2,15,20.858480000000000,17.895358000000002
Sub06,0.911596000000000,2,16,20.2436130000000,17.057106999999998
Sub06,0.911596000000000,2,17,19.63733800000000,16.1638120000000
Sub06,0.911596000000000,2,18,19.037911999999999,15.32030100000000
Sub06,0.911596000000000,2,19,18.435552999999999,14.597132999999999
Sub06,0.911596000000000,2,20,17.815031999999999,14.022640000000001
Sub06,0.911596000000000,2,21,17.160267999999999,13.585307999999999
Sub06,0.911596000000000,2,22,16.457858999999999,13.247515999999999
Sub06,0.911596000000000,2,23,15.699801000000001,12.959547000000001
Sub06,0.911596000000000,2,24,14.88478200000000,12.67283200000000
Sub06,0.911596000000000,2,25,14.017296000000000,12.351001000000000
Sub06,0.911596000000000,2,26,13.10547700000000,11.974416000000000
Sub06,0.911596000000000,2,27,12.159454999999999,11.538841000000000
Sub06,0.911596000000000,2,28,11.19008900000000,11.052765000000001
Sub06,0.911596000000000,2,29,10.20759200000000,10.532216999999999
Sub06,0.911596000000000,2,30,9.22099700000000,9.995868000000000
Sub06,0.911596000000000,2,31,8.237788999999999,9.461283000000000
Sub06,0.911596000000000,2,32,7.263988000000000,8.943538000000000
Sub06,0.911596000000000,2,33,6.304000000000000,8.4547190000000
Sub06,0.911596000000000,2,34,5.360152000000000,8.003418999999999
Sub06,0.911596000000000,2,35,4.432481000000000,7.594942000000000
Sub06,0.911596000000000,2,36,3.5189119999999998,7.231451000000000
Sub06,0.911596000000000,2,37,2.6157560000000002,6.912761000000000
Sub06,0.911596000000000,2,38,1.7184170000000001,6.637318000000000
Sub06,0.911596000000000,2,39,0.8225850000000000,6.403186000000000
Sub06,0.911596000000000,2,40,-0.07455900000000000,6.20957000000000
Sub06,0.911596000000000,2,41,-0.9734550000000000,6.057810000000000
Sub06,0.911596000000000,2,42,-1.8717130000000000,5.95194400000000
Sub06,0.911596000000000,2,43,-2.7636620000000001,5.905285000000000
Sub06,0.911596000000000,2,44,-3.640234000000000,5.924906000000000
Sub06,0.911596000000000,2,45,-4.488905000000000,6.030153000000000
Sub06,0.911596000000000,2,46,-5.294176000000000,6.243074000000000
Sub06,0.911596000000000,2,47,-6.037445000000000,6.585904000000000
Sub06,0.911596000000000,2,48,-6.696390000000000,7.0802199999999997
Sub06,0.911596000000000,2,49,-7.245672000000000,7.746177000000000
Sub06,0.911596000000000,2,50,-7.657176000000000,8.599925000000001
Sub06,0.911596000000000,2,51,-7.903280000000000,9.652419000000000
Sub06,0.911596000000000,2,52,-7.958837000000000,10.906162000000000
Sub06,0.911596000000000,2,53,-7.816602000000000,12.353376000000001
Sub06,0.911596000000000,2,54,-7.435424000000000,13.978797999999999
Sub06,0.911596000000000,2,55,-6.819920000000000,15.763237999999999
Sub06,0.911596000000000,2,56,-5.964192000000000,17.688813000000000
Sub06,0.911596000000000,2,57,-4.873166000000000,19.74151000000000
Sub06,0.911596000000000,2,58,-3.561623000000000,21.91178600000000
Sub06,0.911596000000000,2,59,-2.0498580000000000,24.191701999999999
Sub06,0.911596000000000,2,60,-0.36204500000000001,26.566609000000000
Sub06,0.911596000000000,2,61,1.4764230000000000,29.006304000000000
Sub06,0.911596000000000,2,62,3.4387660000000002,31.457224000000000
Sub06,0.911596000000000,2,63,5.496608000000000,33.838129000000002
Sub06,0.911596000000000,2,64,7.6207800000000,36.04573600000000
Sub06,0.911596000000000,2,65,9.78063700000000,37.96583400000000
Sub06,0.911596000000000,2,66,11.944535999999999,39.49365400000000
Sub06,0.911596000000000,2,67,14.079718000000000,40.5486060000000
Sub06,0.911596000000000,2,68,16.152975999999999,41.05056400000000
Sub06,0.911596000000000,2,69,18.13340800000000,40.97708700000000
Sub06,0.911596000000000,2,70,19.994387000000000,40.351959999999998
Sub06,0.911596000000000,2,71,21.715674000000000,39.161821000000003
Sub06,0.911596000000000,2,72,23.28305400000000,37.458472999999998
Sub06,0.911596000000000,2,73,24.68730200000000,35.31636700000000
Sub06,0.911596000000000,2,74,25.924410000000002,32.830494000000002
Sub06,0.911596000000000,2,75,26.99523800000000,30.11737300000000
Sub06,0.911596000000000,2,76,27.906317999999999,27.30679000000000
Sub06,0.911596000000000,2,77,28.669414000000000,24.534569000000001
Sub06,0.911596000000000,2,78,29.30136300000000,21.931079000000000
Sub06,0.911596000000000,2,79,29.824715000000001,19.604008000000000
Sub06,0.911596000000000,2,80,30.266334000000001,17.628416000000001
Sub06,0.911596000000000,2,81,30.65389000000000,16.039659000000000
Sub06,0.911596000000000,2,82,31.01200300000000,14.83941300000000
Sub06,0.911596000000000,2,83,31.358847999999998,14.007301000000000
Sub06,0.911596000000000,2,84,31.702106000000001,13.507527000000000
Sub06,0.911596000000000,2,85,32.037036000000001,13.300957000000000
Sub06,0.911596000000000,2,86,32.34763300000000,13.32347900000000
Sub06,0.911596000000000,2,87,32.60951000000000,13.550670000000000
Sub06,0.911596000000000,2,88,32.79370000000000,13.913223000000000
Sub06,0.911596000000000,2,89,32.8592230000000,14.358586000000001
Sub06,0.911596000000000,2,90,32.79604200000000,14.82964900000000
Sub06,0.911596000000000,2,91,32.57853800000000,15.272169999999999
Sub06,0.911596000000000,2,92,32.20407000000000,15.641266999999999
Sub06,0.911596000000000,2,93,31.690988999999998,15.908111999999999
Sub06,0.911596000000000,2,94,31.074964000000001,16.066229000000000
Sub06,0.911596000000000,2,95,30.406269000000002,16.13138200000000
Sub06,0.911596000000000,2,96,29.73941500000000,16.13913300000000
Sub06,0.911596000000000,2,97,29.12080400000000,16.124704999999999
Sub06,0.911596000000000,2,98,28.574773000000000,16.12095300000000
Sub06,0.911596000000000,2,99,28.092397999999999,16.137169000000000
Sub06,0.911596000000000,2,100,27.633772000000000,16.174420999999999
Sub07,0.45024700000000001,3,0,16.27575800000000,11.139392000000001
Sub07,0.45024700000000001,3,1,15.640295999999999,11.009864000000000
Sub07,0.45024700000000001,3,2,14.981014000000000,10.832405000000000
Sub07,0.45024700000000001,3,3,14.297516000000000,10.590185999999999
Sub07,0.45024700000000001,3,4,13.601948000000000,10.30077800000000
Sub07,0.45024700000000001,3,5,12.912424000000000,10.002397000000000
Sub07,0.45024700000000001,3,6,12.244863000000000,9.732144999999999
Sub07,0.45024700000000001,3,7,11.60989100000000,9.515836999999999
Sub07,0.45024700000000001,3,8,11.011820999999999,9.366206000000000
Sub07,0.45024700000000001,3,9,10.448366999999999,9.282845999999999
Sub07,0.45024700000000001,3,10,9.911749000000000,9.253665000000000
Sub07,0.45024700000000001,3,11,9.38957700000000,9.258400999999999
Sub07,0.45024700000000001,3,12,8.867232000000000,9.270230000000000
Sub07,0.45024700000000001,3,13,8.331503000000000,9.263202000000000
Sub07,0.45024700000000001,3,14,7.772898000000000,9.21342400000000
Sub07,0.45024700000000001,3,15,7.187714000000000,9.109854000000000
Sub07,0.45024700000000001,3,16,6.577923000000000,8.949940000000000
Sub07,0.45024700000000001,3,17,5.949660000000000,8.741141000000001
Sub07,0.45024700000000001,3,18,5.3119509999999996,8.49846600000000
Sub07,0.45024700000000001,3,19,4.674900000000000,8.240275000000000
Sub07,0.45024700000000001,3,20,4.048753000000000,7.985878000000000
Sub07,0.45024700000000001,3,21,3.4432209999999999,7.753119000000000
Sub07,0.45024700000000001,3,22,2.865980000000000,7.555561000000000
Sub07,0.45024700000000001,3,23,2.3213810000000001,7.400543000000000
Sub07,0.45024700000000001,3,24,1.8103080000000000,7.289386000000000
Sub07,0.45024700000000001,3,25,1.3305940000000001,7.218573000000000
Sub07,0.45024700000000001,3,26,0.8784230000000000,7.180449000000000
Sub07,0.45024700000000001,3,27,0.44969500000000001,7.165362000000000
Sub07,0.45024700000000001,3,28,0.040815999999999998,7.1638610000000
Sub07,0.45024700000000001,3,29,-0.3506580000000000,7.166559000000000
Sub07,0.45024700000000001,3,30,-0.725719000000000,7.1672880000000001
Sub07,0.45024700000000001,3,31,-1.0835539999999999,7.163712000000000
Sub07,0.45024700000000001,3,32,-1.4213780000000000,7.158916000000000
Sub07,0.45024700000000001,3,33,-1.7350129999999999,7.161178000000000
Sub07,0.45024700000000001,3,34,-2.0195490000000000,7.185480000000000
Sub07,0.45024700000000001,3,35,-2.270031000000000,7.24993700000000
Sub07,0.45024700000000001,3,36,-2.48273900000000,7.3767980000000000
Sub07,0.45024700000000001,3,37,-2.6556199999999999,7.588958000000000
Sub07,0.45024700000000001,3,38,-2.788429000000000,7.905144000000000
Sub07,0.45024700000000001,3,39,-2.8839370000000000,8.337339999999999
Sub07,0.45024700000000001,3,40,-2.9481690000000000,8.886201000000000
Sub07,0.45024700000000001,3,41,-2.989825000000000,9.537096000000000
Sub07,0.45024700000000001,3,42,-3.019694000000000,10.261765000000000
Sub07,0.45024700000000001,3,43,-3.047561000000000,11.024074000000001
Sub07,0.45024700000000001,3,44,-3.079339000000000,11.787243999999999
Sub07,0.45024700000000001,3,45,-3.1132330000000001,12.52482000000000
Sub07,0.45024700000000001,3,46,-3.136899000000000,13.23147600000000
Sub07,0.45024700000000001,3,47,-3.130153000000000,13.926116000000000
Sub07,0.45024700000000001,3,48,-3.063300000000000,14.652545999999999
Sub07,0.45024700000000001,3,49,-2.905430000000000,15.46836600000000
Sub07,0.45024700000000001,3,50,-2.6288269999999998,16.43223600000000
Sub07,0.45024700000000001,3,51,-2.2163080000000002,17.591149999999999
Sub07,0.45024700000000001,3,52,-1.6628650000000000,18.968910000000001
Sub07,0.45024700000000001,3,53,-0.974969000000000,20.565954999999999
Sub07,0.45024700000000001,3,54,-0.17032400000000000,22.360716000000000
Sub07,0.45024700000000001,3,55,0.7253380000000000,24.313897999999998
Sub07,0.45024700000000001,3,56,1.6832080000000000,26.37571600000000
Sub07,0.45024700000000001,3,57,2.6727699999999999,28.486014999999998
Sub07,0.45024700000000001,3,58,3.66388200000000,30.57289200000000
Sub07,0.45024700000000001,3,59,4.6311299999999997,32.55723200000000
Sub07,0.45024700000000001,3,60,5.556473000000000,34.35875800000000
Sub07,0.45024700000000001,3,61,6.431615000000000,35.902864999999998
Sub07,0.45024700000000001,3,62,7.26004700000000,37.132590000000000
Sub07,0.45024700000000001,3,63,8.055006000000001,38.02079100000000
Sub07,0.45024700000000001,3,64,8.835936000000000,38.570459999999997
Sub07,0.45024700000000001,3,65,9.62428700000000,38.802492000000001
Sub07,0.45024700000000001,3,66,10.43801500000000,38.774293999999998
Sub07,0.45024700000000001,3,67,11.289711000000000,38.526173999999997
Sub07,0.45024700000000001,3,68,12.185266000000000,38.12117500000000
Sub07,0.45024700000000001,3,69,13.123722000000001,37.60026900000000
Sub07,0.45024700000000001,3,70,14.098362000000000,36.9951830000000
Sub07,0.45024700000000001,3,71,15.096964000000000,36.324492999999997
Sub07,0.45024700000000001,3,72,16.102546000000000,35.59280800000000
Sub07,0.45024700000000001,3,73,17.094728000000000,34.79348300000000
Sub07,0.45024700000000001,3,74,18.050429999999999,33.91128700000000
Sub07,0.45024700000000001,3,75,18.945004999999998,32.92570600000000
Sub07,0.45024700000000001,3,76,19.755894999999999,31.81635600000000
Sub07,0.45024700000000001,3,77,20.464967000000001,30.568328000000001
Sub07,0.45024700000000001,3,78,21.06031400000000,29.179086999999999
Sub07,0.45024700000000001,3,79,21.539880000000000,27.661673000000000
Sub07,0.45024700000000001,3,80,21.911135999999999,26.044093000000000
Sub07,0.45024700000000001,3,81,22.188393000000001,24.366772000000001
Sub07,0.45024700000000001,3,82,22.390338000000000,22.675208999999999
Sub07,0.45024700000000001,3,83,22.536004999999999,21.012827000000001
Sub07,0.45024700000000001,3,84,22.641051000000001,19.418227999999999
Sub07,0.45024700000000001,3,85,22.71595600000000,17.92380100000000
Sub07,0.45024700000000001,3,86,22.765747999999999,16.5539720000000
Sub07,0.45024700000000001,3,87,22.7913640000000,15.325953000000000
Sub07,0.45024700000000001,3,88,22.789235000000001,14.249895000000000
Sub07,0.45024700000000001,3,89,22.756509000000001,13.32661600000000
Sub07,0.45024700000000001,3,90,22.68960000000000,12.54906700000000
Sub07,0.45024700000000001,3,91,22.588265000000000,11.906025000000000
Sub07,0.45024700000000001,3,92,22.456426000000000,11.386471000000000
Sub07,0.45024700000000001,3,93,22.30287200000000,10.983594000000000
Sub07,0.45024700000000001,3,94,22.13993000000000,10.696343000000001
Sub07,0.45024700000000001,3,95,21.97825000000000,10.528134000000000
Sub07,0.45024700000000001,3,96,21.819648000000001,10.478939000000000
Sub07,0.45024700000000001,3,97,21.654772000000001,10.534763000000000
Sub07,0.45024700000000001,3,98,21.466860000000000,10.67703500000000
Sub07,0.45024700000000001,3,99,21.24504500000000,10.877960000000000
Sub07,0.45024700000000001,3,100,20.993658000000000,11.107165999999999
