Subject,Condition,Side,N,MeanAge_years,SourceMeanHeight_m,SourceMeanWeight_kg,CycleDuration_s,Phase,time,hip_angle,knee_angle,hip_angle_sd,knee_angle_sd
Age3to4_Comfortable_Right_Mean,Comfortable,Right,4,3.750000000,1.011750000,16.200000000,0.777500000,0.000000000,0.000000000,40.503277109,10.235977719,6.864339734,4.243237213
Age3to4_Comfortable_Right_Mean,Comfortable,Right,4,3.750000000,1.011750000,16.200000000,0.777500000,1.010101010,0.007853535,40.604717829,12.793339689,7.113299279,3.789960753
Age3to4_Comfortable_Right_Mean,Comfortable,Right,4,3.750000000,1.011750000,16.200000000,0.777500000,2.020202020,0.015707071,40.704124369,15.653509230,7.403914502,3.356065046
Age3to4_Comfortable_Right_Mean,Comfortable,Right,4,3.750000000,1.011750000,16.200000000,0.777500000,3.030303030,0.023560606,40.744790346,18.655495662,7.700627769,3.097443510
Age3to4_Comfortable_Right_Mean,Comfortable,Right,4,3.750000000,1.011750000,16.200000000,0.777500000,4.040404040,0.031414141,40.660785798,21.619173075,7.985676157,3.074839539
Age3to4_Comfortable_Right_Mean,Comfortable,Right,4,3.750000000,1.011750000,16.200000000,0.777500000,5.050505051,0.039267677,40.394529492,24.352436043,8.231678978,3.268894825
Age3to4_Comfortable_Right_Mean,Comfortable,Right,4,3.750000000,1.011750000,16.200000000,0.777500000,6.060606061,0.047121212,39.918699229,26.710804289,8.394964397,3.572255017
Age3to4_Comfortable_Right_Mean,Comfortable,Right,4,3.750000000,1.011750000,16.200000000,0.777500000,7.070707071,0.054974747,39.228861906,28.607103519,8.472292985,3.853864654
Age3to4_Comfortable_Right_Mean,Comfortable,Right,4,3.750000000,1.011750000,16.200000000,0.777500000,8.080808081,0.062828283,38.334504000,29.989537999,8.485594028,4.068331193
Age3to4_Comfortable_Right_Mean,Comfortable,Right,4,3.750000000,1.011750000,16.200000000,0.777500000,9.090909091,0.070681818,37.270704173,30.879476502,8.431777810,4.213897536
Age3to4_Comfortable_Right_Mean,Comfortable,Right,4,3.750000000,1.011750000,16.200000000,0.777500000,10.101010101,0.078535354,36.068045958,31.300034085,8.320721742,4.278488484
Age3to4_Comfortable_Right_Mean,Comfortable,Right,4,3.750000000,1.011750000,16.200000000,0.777500000,11.111111111,0.086388889,34.740498886,31.279363011,8.167253644,4.273733662
Age3to4_Comfortable_Right_Mean,Comfortable,Right,4,3.750000000,1.011750000,16.200000000,0.777500000,12.121212121,0.094242424,33.316139006,30.872380538,7.975117567,4.215467120
Age3to4_Comfortable_Right_Mean,Comfortable,Right,4,3.750000000,1.011750000,16.200000000,0.777500000,13.131313131,0.102095960,31.821982910,30.141360308,7.745484100,4.126308495
Age3to4_Comfortable_Right_Mean,Comfortable,Right,4,3.750000000,1.011750000,16.200000000,0.777500000,14.141414141,0.109949495,30.254891131,29.129982843,7.497711199,4.019197818
Age3to4_Comfortable_Right_Mean,Comfortable,Right,4,3.750000000,1.011750000,16.200000000,0.777500000,15.151515152,0.117803030,28.645350681,27.900068934,7.245671108,3.912104467
Age3to4_Comfortable_Right_Mean,Comfortable,Right,4,3.750000000,1.011750000,16.200000000,0.777500000,16.161616162,0.125656566,26.987358445,26.480302835,6.956919338,3.853506431
Age3to4_Comfortable_Right_Mean,Comfortable,Right,4,3.750000000,1.011750000,16.200000000,0.777500000,17.171717172,0.133510101,25.305059140,24.938259306,6.664289372,3.829234957
Age3to4_Comfortable_Right_Mean,Comfortable,Right,4,3.750000000,1.011750000,16.200000000,0.777500000,18.181818182,0.141363636,23.616801663,23.324540259,6.394149357,3.824829248
Age3to4_Comfortable_Right_Mean,Comfortable,Right,4,3.750000000,1.011750000,16.200000000,0.777500000,19.191919192,0.149217172,21.941865967,21.684643618,6.150558324,3.831446276
Age3to4_Comfortable_Right_Mean,Comfortable,Right,4,3.750000000,1.011750000,16.200000000,0.777500000,20.202020202,0.157070707,20.274250607,20.042872822,5.915476059,3.860466082
Age3to4_Comfortable_Right_Mean,Comfortable,Right,4,3.750000000,1.011750000,16.200000000,0.777500000,21.212121212,0.164924242,18.634218790,18.442729952,5.720518610,3.878394041
Age3to4_Comfortable_Right_Mean,Comfortable,Right,4,3.750000000,1.011750000,16.200000000,0.777500000,22.222222222,0.172777778,17.025752352,16.907721908,5.562360783,3.883868360
Age3to4_Comfortable_Right_Mean,Comfortable,Right,4,3.750000000,1.011750000,16.200000000,0.777500000,23.232323232,0.180631313,15.450288780,15.457243463,5.444052931,3.869220198
Age3to4_Comfortable_Right_Mean,Comfortable,Right,4,3.750000000,1.011750000,16.200000000,0.777500000,24.242424242,0.188484848,13.909720505,14.106414003,5.368133236,3.821863449
Age3to4_Comfortable_Right_Mean,Comfortable,Right,4,3.750000000,1.011750000,16.200000000,0.777500000,25.252525253,0.196338384,12.404527104,12.865557052,5.333829288,3.734720577
Age3to4_Comfortable_Right_Mean,Comfortable,Right,4,3.750000000,1.011750000,16.200000000,0.777500000,26.262626263,0.204191919,10.937721860,11.744765732,5.335813429,3.602555163
Age3to4_Comfortable_Right_Mean,Comfortable,Right,4,3.750000000,1.011750000,16.200000000,0.777500000,27.272727273,0.212045455,9.513792443,10.748803033,5.366521584,3.426571040
Age3to4_Comfortable_Right_Mean,Comfortable,Right,4,3.750000000,1.011750000,16.200000000,0.777500000,28.282828283,0.219898990,8.128079088,9.866485273,5.414344816,3.200685696
Age3to4_Comfortable_Right_Mean,Comfortable,Right,4,3.750000000,1.011750000,16.200000000,0.777500000,29.292929293,0.227752525,6.791117626,9.104132620,5.469146067,2.937337683
Age3to4_Comfortable_Right_Mean,Comfortable,Right,4,3.750000000,1.011750000,16.200000000,0.777500000,30.303030303,0.235606061,5.505211329,8.451225574,5.521354983,2.644485502
Age3to4_Comfortable_Right_Mean,Comfortable,Right,4,3.750000000,1.011750000,16.200000000,0.777500000,31.313131313,0.243459596,4.270437803,7.894037446,5.561529061,2.334631352
Age3to4_Comfortable_Right_Mean,Comfortable,Right,4,3.750000000,1.011750000,16.200000000,0.777500000,32.323232323,0.251313131,3.090835987,7.421910914,5.581159931,2.018299862
Age3to4_Comfortable_Right_Mean,Comfortable,Right,4,3.750000000,1.011750000,16.200000000,0.777500000,33.333333333,0.259166667,1.961908955,7.021199356,5.565896859,1.703474946
Age3to4_Comfortable_Right_Mean,Comfortable,Right,4,3.750000000,1.011750000,16.200000000,0.777500000,34.343434343,0.267020202,0.880131422,6.680544945,5.512265787,1.399071843
Age3to4_Comfortable_Right_Mean,Comfortable,Right,4,3.750000000,1.011750000,16.200000000,0.777500000,35.353535354,0.274873737,-0.152021219,6.389603338,5.421256191,1.122640741
Age3to4_Comfortable_Right_Mean,Comfortable,Right,4,3.750000000,1.011750000,16.200000000,0.777500000,36.363636364,0.282727273,-1.136967060,6.148344646,5.291737585,0.916600649
Age3to4_Comfortable_Right_Mean,Comfortable,Right,4,3.750000000,1.011750000,16.200000000,0.777500000,37.373737374,0.290580808,-2.085954782,5.955456895,5.123915468,0.853492021
Age3to4_Comfortable_Right_Mean,Comfortable,Right,4,3.750000000,1.011750000,16.200000000,0.777500000,38.383838384,0.298434343,-2.988830226,5.827577157,4.934669231,1.006697621
Age3to4_Comfortable_Right_Mean,Comfortable,Right,4,3.750000000,1.011750000,16.200000000,0.777500000,39.393939394,0.306287879,-3.871827104,5.772940026,4.708634064,1.333563348
Age3to4_Comfortable_Right_Mean,Comfortable,Right,4,3.750000000,1.011750000,16.200000000,0.777500000,40.404040404,0.314141414,-4.727747231,5.815476838,4.468334072,1.766387030
Age3to4_Comfortable_Right_Mean,Comfortable,Right,4,3.750000000,1.011750000,16.200000000,0.777500000,41.414141414,0.321994949,-5.554890001,5.978649555,4.223912738,2.252308118
Age3to4_Comfortable_Right_Mean,Comfortable,Right,4,3.750000000,1.011750000,16.200000000,0.777500000,42.424242424,0.329848485,-6.356281445,6.289587457,3.974743927,2.771986393
Age3to4_Comfortable_Right_Mean,Comfortable,Right,4,3.750000000,1.011750000,16.200000000,0.777500000,43.434343434,0.337702020,-7.125865774,6.774457209,3.723961956,3.306720539
Age3to4_Comfortable_Right_Mean,Comfortable,Right,4,3.750000000,1.011750000,16.200000000,0.777500000,44.444444444,0.345555556,-7.855350686,7.460754484,3.468012586,3.844945893
Age3to4_Comfortable_Right_Mean,Comfortable,Right,4,3.750000000,1.011750000,16.200000000,0.777500000,45.454545455,0.353409091,-8.527691597,8.382428948,3.213072565,4.372427081
Age3to4_Comfortable_Right_Mean,Comfortable,Right,4,3.750000000,1.011750000,16.200000000,0.777500000,46.464646465,0.361262626,-9.116515872,9.559139887,2.957498568,4.878613592
Age3to4_Comfortable_Right_Mean,Comfortable,Right,4,3.750000000,1.011750000,16.200000000,0.777500000,47.474747475,0.369116162,-9.590811312,11.021179209,2.699495154,5.372687257
Age3to4_Comfortable_Right_Mean,Comfortable,Right,4,3.750000000,1.011750000,16.200000000,0.777500000,48.484848485,0.376969697,-9.931246589,12.785783930,2.445047873,5.825961840
Age3to4_Comfortable_Right_Mean,Comfortable,Right,4,3.750000000,1.011750000,16.200000000,0.777500000,49.494949495,0.384823232,-10.116850766,14.864813291,2.190131698,6.260418768
Age3to4_Comfortable_Right_Mean,Comfortable,Right,4,3.750000000,1.011750000,16.200000000,0.777500000,50.505050505,0.392676768,-10.128462995,17.268402794,1.950142282,6.644421163
Age3to4_Comfortable_Right_Mean,Comfortable,Right,4,3.750000000,1.011750000,16.200000000,0.777500000,51.515151515,0.400530303,-9.950473190,19.992441308,1.745676315,6.976564744
Age3to4_Comfortable_Right_Mean,Comfortable,Right,4,3.750000000,1.011750000,16.200000000,0.777500000,52.525252525,0.408383838,-9.569324909,23.050461358,1.605801675,7.278277127
Age3to4_Comfortable_Right_Mean,Comfortable,Right,4,3.750000000,1.011750000,16.200000000,0.777500000,53.535353535,0.416237374,-8.968672200,26.412078607,1.585181084,7.479290602
Age3to4_Comfortable_Right_Mean,Comfortable,Right,4,3.750000000,1.011750000,16.200000000,0.777500000,54.545454545,0.424090909,-8.124264415,30.060931058,1.717764542,7.619292070
Age3to4_Comfortable_Right_Mean,Comfortable,Right,4,3.750000000,1.011750000,16.200000000,0.777500000,55.555555556,0.431944444,-7.025180999,33.948467648,1.987123697,7.639560249
Age3to4_Comfortable_Right_Mean,Comfortable,Right,4,3.750000000,1.011750000,16.200000000,0.777500000,56.565656566,0.439797980,-5.660505181,38.011222180,2.360756286,7.548566043
Age3to4_Comfortable_Right_Mean,Comfortable,Right,4,3.750000000,1.011750000,16.200000000,0.777500000,57.575757576,0.447651515,-4.030180755,42.202713524,2.777407668,7.322193407
Age3to4_Comfortable_Right_Mean,Comfortable,Right,4,3.750000000,1.011750000,16.200000000,0.777500000,58.585858586,0.455505051,-2.149479451,46.407343979,3.225655997,7.012459233
Age3to4_Comfortable_Right_Mean,Comfortable,Right,4,3.750000000,1.011750000,16.200000000,0.777500000,59.595959596,0.463358586,-0.040557877,50.557142886,3.676672866,6.609153664
Age3to4_Comfortable_Right_Mean,Comfortable,Right,4,3.750000000,1.011750000,16.200000000,0.777500000,60.606060606,0.471212121,2.235216390,54.540564369,4.070204361,6.141039050
Age3to4_Comfortable_Right_Mean,Comfortable,Right,4,3.750000000,1.011750000,16.200000000,0.777500000,61.616161616,0.479065657,4.660945108,58.324858743,4.437005462,5.597236568
Age3to4_Comfortable_Right_Mean,Comfortable,Right,4,3.750000000,1.011750000,16.200000000,0.777500000,62.626262626,0.486919192,7.180667378,61.838617904,4.760945713,4.993754032
Age3to4_Comfortable_Right_Mean,Comfortable,Right,4,3.750000000,1.011750000,16.200000000,0.777500000,63.636363636,0.494772727,9.740702225,65.021174787,5.027258294,4.349156553
Age3to4_Comfortable_Right_Mean,Comfortable,Right,4,3.750000000,1.011750000,16.200000000,0.777500000,64.646464646,0.502626263,12.309042963,67.846127587,5.253038126,3.678003503
Age3to4_Comfortable_Right_Mean,Comfortable,Right,4,3.750000000,1.011750000,16.200000000,0.777500000,65.656565657,0.510479798,14.849156232,70.272430442,5.448799943,2.995011987
Age3to4_Comfortable_Right_Mean,Comfortable,Right,4,3.750000000,1.011750000,16.200000000,0.777500000,66.666666667,0.518333333,17.334180412,72.291605325,5.630417188,2.324274074
Age3to4_Comfortable_Right_Mean,Comfortable,Right,4,3.750000000,1.011750000,16.200000000,0.777500000,67.676767677,0.526186869,19.761704327,73.898228594,5.781439953,1.686350088
Age3to4_Comfortable_Right_Mean,Comfortable,Right,4,3.750000000,1.011750000,16.200000000,0.777500000,68.686868687,0.534040404,22.105000354,75.090544647,5.932811320,1.124019235
Age3to4_Comfortable_Right_Mean,Comfortable,Right,4,3.750000000,1.011750000,16.200000000,0.777500000,69.696969697,0.541893939,24.351735543,75.870867994,6.066454106,0.747292100
Age3to4_Comfortable_Right_Mean,Comfortable,Right,4,3.750000000,1.011750000,16.200000000,0.777500000,70.707070707,0.549747475,26.521355122,76.264422576,6.222194653,0.773730058
Age3to4_Comfortable_Right_Mean,Comfortable,Right,4,3.750000000,1.011750000,16.200000000,0.777500000,71.717171717,0.557601010,28.587402582,76.276571206,6.369885678,1.091515833
Age3to4_Comfortable_Right_Mean,Comfortable,Right,4,3.750000000,1.011750000,16.200000000,0.777500000,72.727272727,0.565454545,30.559159394,75.921647016,6.505180618,1.478002172
Age3to4_Comfortable_Right_Mean,Comfortable,Right,4,3.750000000,1.011750000,16.200000000,0.777500000,73.737373737,0.573308081,32.431447371,75.220797663,6.634184704,1.851121722
Age3to4_Comfortable_Right_Mean,Comfortable,Right,4,3.750000000,1.011750000,16.200000000,0.777500000,74.747474747,0.581161616,34.190109799,74.187956349,6.756070640,2.184867780
Age3to4_Comfortable_Right_Mean,Comfortable,Right,4,3.750000000,1.011750000,16.200000000,0.777500000,75.757575758,0.589015152,35.821654562,72.828881849,6.875125889,2.475384015
Age3to4_Comfortable_Right_Mean,Comfortable,Right,4,3.750000000,1.011750000,16.200000000,0.777500000,76.767676768,0.596868687,37.331447985,71.151461424,6.980648044,2.716449454
Age3to4_Comfortable_Right_Mean,Comfortable,Right,4,3.750000000,1.011750000,16.200000000,0.777500000,77.777777778,0.604722222,38.709342207,69.163711895,7.074742726,2.904018158
Age3to4_Comfortable_Right_Mean,Comfortable,Right,4,3.750000000,1.011750000,16.200000000,0.777500000,78.787878788,0.612575758,39.942937389,66.863714996,7.161711179,3.041095111
Age3to4_Comfortable_Right_Mean,Comfortable,Right,4,3.750000000,1.011750000,16.200000000,0.777500000,79.797979798,0.620429293,41.029278785,64.246183292,7.234101138,3.121700939
Age3to4_Comfortable_Right_Mean,Comfortable,Right,4,3.750000000,1.011750000,16.200000000,0.777500000,80.808080808,0.628282828,41.964627841,61.306695801,7.285934023,3.136106503
Age3to4_Comfortable_Right_Mean,Comfortable,Right,4,3.750000000,1.011750000,16.200000000,0.777500000,81.818181818,0.636136364,42.743746592,58.049473677,7.311683979,3.095035966
Age3to4_Comfortable_Right_Mean,Comfortable,Right,4,3.750000000,1.011750000,16.200000000,0.777500000,82.828282828,0.643989899,43.363112948,54.450428994,7.309956162,2.971365362
Age3to4_Comfortable_Right_Mean,Comfortable,Right,4,3.750000000,1.011750000,16.200000000,0.777500000,83.838383838,0.651843434,43.816799908,50.525743492,7.276987686,2.782976217
Age3to4_Comfortable_Right_Mean,Comfortable,Right,4,3.750000000,1.011750000,16.200000000,0.777500000,84.848484848,0.659696970,44.099385799,46.306066763,7.207540703,2.537930056
Age3to4_Comfortable_Right_Mean,Comfortable,Right,4,3.750000000,1.011750000,16.200000000,0.777500000,85.858585859,0.667550505,44.214129708,41.766503682,7.102251357,2.244061820
Age3to4_Comfortable_Right_Mean,Comfortable,Right,4,3.750000000,1.011750000,16.200000000,0.777500000,86.868686869,0.675404040,44.168288049,37.027547865,6.970943349,2.028586909
Age3to4_Comfortable_Right_Mean,Comfortable,Right,4,3.750000000,1.011750000,16.200000000,0.777500000,87.878787879,0.683257576,43.982743528,32.189271293,6.817246551,1.989039043
Age3to4_Comfortable_Right_Mean,Comfortable,Right,4,3.750000000,1.011750000,16.200000000,0.777500000,88.888888889,0.691111111,43.688088303,27.367981475,6.648244343,2.209665860
Age3to4_Comfortable_Right_Mean,Comfortable,Right,4,3.750000000,1.011750000,16.200000000,0.777500000,89.898989899,0.698964646,43.317166072,22.724423547,6.479773340,2.645818937
Age3to4_Comfortable_Right_Mean,Comfortable,Right,4,3.750000000,1.011750000,16.200000000,0.777500000,90.909090909,0.706818182,42.901889087,18.434503479,6.329366319,3.215103290
Age3to4_Comfortable_Right_Mean,Comfortable,Right,4,3.750000000,1.011750000,16.200000000,0.777500000,91.919191919,0.714671717,42.470839821,14.636716091,6.207511463,3.772930010
Age3to4_Comfortable_Right_Mean,Comfortable,Right,4,3.750000000,1.011750000,16.200000000,0.777500000,92.929292929,0.722525253,42.040434111,11.433477165,6.128033234,4.245583569
Age3to4_Comfortable_Right_Mean,Comfortable,Right,4,3.750000000,1.011750000,16.200000000,0.777500000,93.939393939,0.730378788,41.623080388,8.981858148,6.101577007,4.655909397
Age3to4_Comfortable_Right_Mean,Comfortable,Right,4,3.750000000,1.011750000,16.200000000,0.777500000,94.949494949,0.738232323,41.241180146,7.309328793,6.124616373,4.939132619
Age3to4_Comfortable_Right_Mean,Comfortable,Right,4,3.750000000,1.011750000,16.200000000,0.777500000,95.959595960,0.746085859,40.907741683,6.407309126,6.193516402,5.038146861
Age3to4_Comfortable_Right_Mean,Comfortable,Right,4,3.750000000,1.011750000,16.200000000,0.777500000,96.969696970,0.753939394,40.646599325,6.296734710,6.288255922,5.037168452
Age3to4_Comfortable_Right_Mean,Comfortable,Right,4,3.750000000,1.011750000,16.200000000,0.777500000,97.979797980,0.761792929,40.478216290,6.926912386,6.397756646,4.979343286
Age3to4_Comfortable_Right_Mean,Comfortable,Right,4,3.750000000,1.011750000,16.200000000,0.777500000,98.989898990,0.769646465,40.401795924,8.211007244,6.542739639,4.764632430
Age3to4_Comfortable_Right_Mean,Comfortable,Right,4,3.750000000,1.011750000,16.200000000,0.777500000,100.000000000,0.777500000,40.424355741,10.123725633,6.732954186,4.413443778
